<?xml version="1.0" encoding="UTF-8"?>
<!-- edited with XML Spy v4.3 U (http://www.xmlspy.com) by lju (forcs) -->
<VIEWERMESSAGERESOURCE VERSION="2.0">
	<TYPE code="1020010000">Parameter</TYPE>
	<TYPE code="1020010009">Invalid parameter information 
Cannot find OZ Server or Servlet information</TYPE>
	<TYPE code="1020010010">Both OZ Server and Servlet addresses are exist. Only one of them is required</TYPE>
	<TYPE code="1020010012">Invalid OZ Server's port number</TYPE>
	<TYPE code="1020010013">No report is exist in the OZ Server</TYPE>
	<TYPE code="1020020000">Print</TYPE>
	<TYPE code="1020020001">Selected page does not exist.</TYPE>
	<TYPE code="1020020002">Selected printer does not exist. Use default print.</TYPE>
	<TYPE code="1020020003">The print is failed</TYPE>
	<TYPE code="1020020004">Cannot share memory to get the print information</TYPE>
	<TYPE code="1020020005">No usable printer exists</TYPE>
	<TYPE code="1020020006">Cannot process the print job due to unknown problem</TYPE>
	<TYPE code="1020020007">Cannot create print document</TYPE>
	<TYPE code="1020020008">Error occurred while closing the print document</TYPE>
	<TYPE code="1020020009">Error occurred while crating print page</TYPE>
	<TYPE code="1020020010">Error occurred while closing the print page</TYPE>
	<TYPE code="1020020011">Cannot create print initial information.</TYPE>
	<TYPE code="1020020012">Please enter a numeric value.</TYPE>
	<TYPE code="1020020015">This is not a valid print range.</TYPE>
	<TYPE code="1020020016">There is no page to print.
Please contact your system administrator.</TYPE>
	<TYPE code="1020030000">Report loader</TYPE>
	<TYPE code="1020030001">Invalid password</TYPE>
	<TYPE code="1020030002">Cannot create data module loader after receiving form and data from the server</TYPE>
	<TYPE code="1020030003">Unknown search mode</TYPE>
	<TYPE code="1020030004">Invalid OZ Server's setting</TYPE>
	<TYPE code="1020030005">Report manager does not exist.</TYPE>
	<TYPE code="1020030006">HC Data module does not exist</TYPE>
	<TYPE code="1020030007">Failed to open the form file.</TYPE>
	<TYPE code="1020030008">Failed to close the form file.</TYPE>
	<TYPE code="1020030009">Failed to save memo data.</TYPE>
	<TYPE code="1020030010">Error occurred after receiving the form and data from server.
Datamodule loader was created but template couldn't be created</TYPE>
	<TYPE code="1020030011">ODI Key existing form cannot find in parameter.</TYPE>
	<TYPE code="1020030012"/>
	<TYPE code="1020030013">Exceptional condition has occurred while loading report.</TYPE>
	<TYPE code="1020030014">Exceptional condition has occurred while loading data.</TYPE>
	<TYPE code="1020030015">An exception has occurred while loading an external functions file.</TYPE>
	<TYPE code="1020030016">Cannot read from the file to replace the script. Please check its path.</TYPE>
	<TYPE code="1020040000">Save</TYPE>
	<TYPE code="1020040001">Invalid password</TYPE>
	<TYPE code="1020040002">"Invalid SDM information in OZD file</TYPE>
	<TYPE code="1020040006">Failed to retrieve the working folder name.</TYPE>
	<TYPE code="1020040007">Failed to crate a temporary report form file.</TYPE>
	<TYPE code="1020040008">Failed to save the OZD file.</TYPE>
	<TYPE code="1020040009"/>
	<TYPE code="1020040010"/>
	<TYPE code="1020040011">Failed to create the temp file used to open the OZD file.</TYPE>
	<TYPE code="1020040012">Only OZD files can be opened in OZ Viewer.</TYPE>
	<TYPE code="1020040013">The OZD file has been changed or is invalid to open.</TYPE>
	<TYPE code="1020050000">Bind thread</TYPE>
	<TYPE code="1020060000">Export thread</TYPE>
	<TYPE code="1020070000">Document</TYPE>
	<TYPE code="1020070001">There is no data to show.</TYPE>
	<TYPE code="1020070002">Failed to create the report template creation</TYPE>
	<TYPE code="1020070003">Error occurred during the report binding process.</TYPE>
	<TYPE code="1020070004">Failed to create the report manager.</TYPE>
	<TYPE code="1020070005">Please enter a numeric value for enlargement/reduction.</TYPE>
	<TYPE code="1020080000">Tile document</TYPE>
	<TYPE code="1020080001">Cannot create tile image</TYPE>
	<TYPE code="1020080003">Error occurred from page control (Null information occurred)</TYPE>
	<TYPE code="1020090000">Export</TYPE>
	<TYPE code="1020090001">Select or input the save path</TYPE>
	<TYPE code="1020090002">Export component does not exist</TYPE>
	<TYPE code="1020090003">The file is open. Close the file first.</TYPE>
	<TYPE code="1020090004">Cannot close the file properly.</TYPE>
	<TYPE code="1020090005">Unknown image format</TYPE>
	<TYPE code="1020090006">Not supported image format</TYPE>
	<TYPE code="1020090007">Not supported export format or not supported format in the current options</TYPE>
	<TYPE code="1020090008">Cannot create export folder</TYPE>
	<TYPE code="1020090009">Failed to export as a OZD file.</TYPE>
	<TYPE code="1020090010">Please define the file name/path for exporting.</TYPE>
	<TYPE code="1020090011">Can not execute exported file</TYPE>
	<TYPE code="1020090012">Image file cannot be executed</TYPE>
	<TYPE code="1020090013">The file name, location, or format is not vaild. Type the file name and location in the correct format.</TYPE>
	<TYPE code="1020090014">Cannot find the template file for encryption.</TYPE>	
	<TYPE code="1020090015">Can not be saved by compression.</TYPE>
	<TYPE code="1020100000">Text</TYPE>
	<TYPE code="1020100001">Only numeric value is available.</TYPE>
	<TYPE code="1020100002">Please a valid numeric value for page spacing.</TYPE>
	<TYPE code="1020110000">Word</TYPE>
	<TYPE code="1020110001">Cannot create MS-WORD OLE object. Please check if MS-WORD program is installed.</TYPE>
	<TYPE code="1020110002">The report exceeds the page range(width, height) defined in MS Word.</TYPE>
	<TYPE code="1020120000">Powerpoint</TYPE>
	<TYPE code="1020120001">Powerpoint OLE object cannot be created</TYPE>
	<TYPE code="1020130000">Excel</TYPE>
	<TYPE code="1020130001">Cannot create Excel OLE object</TYPE>
	<TYPE code="1020130002">The ExcelPrintTitleRows argument of the SetExcelSheetName function is not valid.</TYPE>
	<TYPE code="1020130003">The ExcelPrintTitleColumns argument of the SetExcelSheetName function is not valid.</TYPE>
	<TYPE code="1020130004">The password to open cannot be longer than 255 characters.</TYPE>
	<TYPE code="1020130005">The password to modify cannot be longer than 15 characters.</TYPE>
	<TYPE code="1020140000">Report manager</TYPE>
	<TYPE code="1020140001">Error occurred from the temporary file for OZD creation (File Not Found)</TYPE>
	<TYPE code="1020150000">Report view</TYPE>
	<TYPE code="1020150001">Can't close the report due to child report(s)</TYPE>
	<TYPE code="1020150002">Failed to get current page information.</TYPE>
	<TYPE code="1020150003">This page can not be displayed in OZ Viewer.</TYPE>
	<TYPE code="1020160000">Cache</TYPE>
	<TYPE code="1020160001">Version information does not match between user input version information and current registered form file version information. Use the cached form information version</TYPE>
	<TYPE code="1020160002">Cached report form size in the local machine is 0.</TYPE>
	<TYPE code="1020160003">Failed to read the cached report.</TYPE>
	<TYPE code="1020160004">Error occurred while comparing report form file version information.</TYPE>
	<TYPE code="1020160005">Failed to delete the temp file used for caching.</TYPE>
	<TYPE code="1020160006">Error occurred while saving the cache file.</TYPE>
	<TYPE code="1020160007">Version information is invalid.</TYPE>
	<TYPE code="1020170000">Frame</TYPE>
	<TYPE code="1020170001"/>
	<TYPE code="1020180000">Application</TYPE>
	<TYPE code="1020180001">Error occurred while releasing a locked file.</TYPE>
	<TYPE code="1020180002">Error occurred while deleting the temp folder.</TYPE>
	<TYPE code="1020180003">Failed to create the working folder.</TYPE>
	<TYPE code="1020180004">Can not execute the help file</TYPE>
	<TYPE code="1020190000">Jungum Global</TYPE>
	<TYPE code="1020190001">Cannot create Jungum Global OLE object. Please check if Jungum Global program is installed.</TYPE>
	<TYPE code="1020200000">PDF</TYPE>
	<TYPE code="1020200001">Cannot create PDF OLE object</TYPE>
	<TYPE code="1020200002">Cannot create file</TYPE>
	<TYPE code="1020200003">Error occurred while saving the file in PDF.</TYPE>
	<TYPE code="1020220000">General</TYPE>
	<TYPE code="1020220001">Target export page does not exist.</TYPE>
	<TYPE code="1020220002">Unknown error occurred</TYPE>
	<TYPE code="1020220003">Error occurred while binding a report.
For detailed information, check the console log.</TYPE>
	<TYPE code="1020220004">Error occurred while binding a report.
If this error occurs, binding process will stopp.</TYPE>
	<TYPE code="1020230000">Direct</TYPE>
	<TYPE code="1020230001">Failed to perform direct printing.</TYPE>
	<TYPE code="1020230002">Failed to perform direct exporting.</TYPE>
	<TYPE code="1020240000">Thread print</TYPE>
	<TYPE code="1020240001">Failed to print the report.</TYPE>
	<TYPE code="1020250000">Memo</TYPE>
	<TYPE code="1020250001">Failed to retrieve memo data.</TYPE>
	<TYPE code="1020260000">User interface</TYPE>
	<TYPE code="1020270000">Active X</TYPE>
	<TYPE code="1020280000">Mail</TYPE>
	<TYPE code="1020280001">Failed to sending a mail</TYPE>
	<TYPE code="1020280002">Mail client is not installed.</TYPE>
	<TYPE code="1020300000">E-FORM</TYPE>
	<TYPE code="1020300001">The installed license file is not a valid e-form Extension license of OZ Report Designer.</TYPE>
	<TYPE code="1020310000">INPUT COMPONENT</TYPE>
	<TYPE code="1020310001">Exceptional condition has occurred during data transmission.</TYPE>
	<TYPE code="1020310002">Please re-install the OZ Viewer.</TYPE>
	<TYPE code="1020320000">HTML</TYPE>
	<TYPE code="1020330000">MHT</TYPE>
</VIEWERMESSAGERESOURCE>
