<soap:Envelope xmlns:soap="http://www.w3.org/2003/05/soap-envelope" xmlns:if="http://{{SERVER_HOST}}:{{SERVER_PORT}}/route/KCUE/B340014JIN/Request/COMMON/IF_COMMON_ENT003/IF_COMMON_ENT003.wsdl">
   <soap:Header/>
   <soap:Body>
      <if:COMMON_ENT_003>
         <!--Optional:-->
         <SEARCH_COND>
            <!--Optional:-->
            <INTEG_ID>{{INTEG_ID}}</INTEG_ID>
            <!--Optional:-->
            <CMF_UID>{{CMF_UID}}</CMF_UID>
         </SEARCH_COND>
      </if:COMMON_ENT_003>
   </soap:Body>
</soap:Envelope>