<soapenv:Envelope xmlns:soapenv="http://schemas.xmlsoap.org/soap/envelope/" xmlns:if="http://{{SERVER_HOST}}:{{SERVER_PORT}}/route/KCUE/B340014JIN/Request/SELF/IF_SELF_ENT001/IF_SELF_ENT001.wsdl">
   <soapenv:Header/>
   <soapenv:Body>
      <if:SELF_ENT_001>
         <!--Optional:-->
         <SEARCH_COND>
            <!--Optional:-->
            <INTEG_ID>{{INTEG_ID}}</INTEG_ID>
            <!--Optional:-->
            <CMF_UID>{{CMF_UID}}</CMF_UID>
         </SEARCH_COND>
      </if:SELF_ENT_001>
   </soapenv:Body>
</soapenv:Envelope>