<soap:Envelope xmlns:soap="http://www.w3.org/2003/05/soap-envelope" xmlns:if="http://{{SERVER_HOST}}:{{SERVER_PORT}}/route/KCUE/B340014JIN/Request/USER/IF_USER_ENT005/IF_USER_ENT005.wsdl">
   <soap:Header/>
   <soap:Body>
      <if:USER_ENT_005>
         <!--Optional:-->
         <SEARCH_COND>
            <!--Optional:-->
            <NAME>{{NAME}}</NAME>
            <!--Optional:-->
            <BRDY_YYMMDD>{{BRDY_YYMMDD}}</BRDY_YYMMDD>
            <!--Optional:-->
            <EMAIL>{{EMAIL}}</EMAIL>
         </SEARCH_COND>
      </if:USER_ENT_005>
   </soap:Body>
</soap:Envelope>