<soapenv:Envelope xmlns:soapenv="http://schemas.xmlsoap.org/soap/envelope/" xmlns:if="http://{{SERVER_HOST}}/eai/wsdl/server/IF_COMMON_ENT001.wsdl">
   <soapenv:Header/>
   <soapenv:Body>
      <if:COMMON_ENT_001>
         <!--Optional:-->
         <SEARCH_COND>
            <!--Optional:-->
            <INTEG_ID>{{INTEG_ID}}</INTEG_ID>
            <!--Optional:-->
            <CMF_UID>{{CMF_UID}}</CMF_UID>
         </SEARCH_COND>
      </if:COMMON_ENT_001>
   </soapenv:Body>
</soapenv:Envelope>