<soapenv:Envelope xmlns:soapenv="http://schemas.xmlsoap.org/soap/envelope/" xmlns:if="http://{{SERVER_HOST}}/eai/wsdl/server/IF_USER_ENT004.wsdl">
   <soapenv:Header/>
   <soapenv:Body>
      <if:USER_ENT_004>
         <!--Optional:-->
         <SEARCH_COND>
            <!--Optional:-->
            <NAME>{{NAME}}</NAME>
            <!--Optional:-->
            <BRDY_YYMMDD>{{BRDY_YYMMDD}}</BRDY_YYMMDD>
            <!--Optional:-->
            <CRAL_TEL>{{CRAL_TEL}}</CRAL_TEL>
         </SEARCH_COND>
      </if:USER_ENT_004>
   </soapenv:Body>
</soapenv:Envelope>